Property_Name,Location,Property_Type,Room_Type,Price,Rating,Reviews,Free_Cancellation,Price_for_night
Ronnie's Studio Apartment,Arpora,Entire apartment,Apartment with Balcony,4749,6.9,203,No,2
Courtyard Di-Mar,Calangute,Private suite,Superior Suite,8000,8.9,88,Yes,2
Susegad Suites Goa Apartments & Villas with Reserved Parking,Arpora,Entire apartment,1BHK Apartment with Balcony,9750,9.2,133,Yes,2
Resort Paloma De Goa,Colva,Entire apartment,One-Bedroom Apartment,6363,6.6,138,No,2
EKOSTAY Luxe I Avante Villa,Calangute,Entire villa,Villa with Private Pool,49500,9.0,5,Yes,2
"Jungle Hut-Annabelle's Beach Apartments at Bernard Simao,Calangute,Goa",Candolim,Entire apartment,Standard Apartment,13860,9.0,114,Yes,2
Exotic star 1 BHK 2BHK Apartment,Socorro,Entire apartment,One-Bedroom Apartment with Balcony,3203,7.3,28,Yes,2
The Astor - All Suites Hotel Candolim Goa,Candolim,Private suite,Astor Suite (Balcony With City View) - High Tea@ Deck 88 from 3 to 5 pm,23262,9.1,523,No,2
Hermitage Riviera,Arpora,Entire apartment,Apartment with Garden View,10000,8.8,102,Yes,2
Mamagoa Beach Resort,Mandrem,Entire villa,Villa with Sea View,30000,9.2,289,No,2
"Riverside, The European Homestay 1 and 2! Luxury and Value in Goa's delightful location",Agarvado,Entire apartment,One-Bedroom Apartment,5320,9.2,57,No,2
Beach 7 mins walk Luxury villa Diva,Calangute,Entire villa,Two-Bedroom Villa,28000,10.0,15,Yes,2
Aarju Luxurious Stay Calangute,Calangute,Entire apartment,One-Bedroom Apartment,9900,8.7,82,No,2
Mistral Holidays Near Trinity Beach & Benaulim Beach,Benaulim,Entire apartment,One-Bedroom Apartment with Balcony,9900,8.9,259,Yes,2
Mistral by the sea,Benaulim,Entire apartment,Apartment with View and Balcony,21600,9.2,168,Yes,2
Viik wellness inn -3 Star Resort in Arambol Beach,Arambol,Entire apartment,Suite Apartment,15298,7.9,100,Yes,2
Ziva Suites - A Botique Hotel,Siolim,Entire studio,Studio with Balcony,12802,9.0,12,No,2
Blue rays,Calangute,Entire apartment,One-Bedroom Apartment,3058,6.8,153,Yes,2
"Sandbanks Beach Villas, Morjim",Morjim,Entire villa,Villa,20582,9.4,131,No,2
Costantina - Agonda Beach,Agonda,Entire apartment,Apartment with Garden View,5000,7.9,98,No,2
Olive Hotel Calangute Niwasa by Embassy Group,Calangute,Entire studio,Studio with Balcony,6566,8.3,278,Yes,2
"La Mer with Pool, Kitchen, Wifi & Security, 10 mins to Candolim Beach & 5 mins to Casino",Nerul,Entire studio,LaMer-Designer Studio,11344,9.3,9,Yes,2
EKO STAY - Woodlock Apartment,Candolim,Entire apartment,Two-Bedroom Apartment,8910,7.7,17,Yes,2
Nistula Luxury Villas and Apartments,Assagao,Entire apartment,Two-Bedroom Apartment,15990,10.0,3,Yes,2
EKOSTAY - SIGNATURE Apartment,Candolim,Entire apartment,Apartment - Ground Floor,9720,7.5,24,Yes,2
2bhk apartment baga with kitchen,North goa,Entire apartment,Two-Bedroom Apartment,10800,8.5,4,No,2
SPACELAND Mandrem,Mandrem,Entire apartment,Penthouse Apartment,4800,7.7,190,Yes,2
Dimaru Boutique Courtyard,Calangute,Private suite,One-Bedroom Suite,10400,8.4,500,Yes,2
Novotel Goa Dona Sylvia Resort,Cavelossim,Entire villa,Executive King Room - 4 pints of beer bucket per stay,26885,8.5,383,No,2
Casa Almeida by Legends Hotels,Candolim,Private suite,Suite with Hot Tub,8100,6.5,72,Yes,2
Agonda Serenity Beach Villa,Agonda,Entire villa,Villa with Sea View,20340,8.9,169,Yes,2
Baga beach Homestay near Titos 311,Baga,Entire apartment,One-Bedroom Apartment,6000,9.0,1,Yes,2
"J-House, spacious apartments with balconies, Thalassa 1min away",Siolim,Entire apartment,One-Bedroom Apartment,3200,7.8,57,Yes,2
"Azora by Ayatana, Goa",Morjim,Entire villa,Jaunty Jacuzzi Villa,17626,8.7,109,Yes,2
Goa Marriott Resort & Spa,Panaji,Private suite,One-Bedroom Suite with Bay View,63700,8.4,380,Yes,2
"Villa 15 WSN, Parra- 3BHK Pool View",Parra,Entire villa,Three-Bedroom Villa,18000,7.2,19,Yes,2
Hotel Lotus,Candolim,Private suite,Suite with Balcony,14720,8.5,215,Yes,2
Holiday Inn Goa Candolim,Candolim,Private suite,Two-Bedroom Suite with Balcony and Sunrise View,53853,8.3,362,No,2
Joel's River Wood,Pernem,Private suite,Deluxe Queen Suite,3800,9.7,20,No,2
The Bay Agonda,Agonda,Entire villa,Sea View Villas,19750,8.6,350,Yes,2
AR APARTMENTS -Siolim,Oxel,Entire apartment,Studio Apartment,4129,5.8,7,Yes,2
Beach Edge Calangute,Calangute,Entire studio,Deluxe King Studio,7000,7.7,245,Yes,2
EKOSTAY - Copacabana Villa,North goa,Entire villa,Villa with Private Pool,15840,9.5,2,Yes,2
"Peaceful Studio in Cavelossim, 9 mins to beach",Ambelim,Entire apartment,One-Bedroom Apartment,4320,9.8,7,Yes,2
The Figueiredo House,Racaim,Entire villa,One-Bedroom Villa,16200,6.4,5,Yes,2
Jackson's Beach House Calangute,Calangute,Entire apartment,Duplex Apartment,5700,9.1,179,No,2
Tranquilo Arambol,Arambol,Entire apartment,Superior Apartment,5000,8.1,300,Yes,2
El Tesoro 2BHK Elegant Apartments in Siolim with Pool- 10 mins Drive to Assagao,Mapusa,Entire apartment,ElTesoro-Elegant2BHK Duplex Siolim,21492,9.2,23,Yes,2
4 Bhk portuguese villa with pool,Nagoa-Bardez,Entire villa,Villa with Private Pool,22679,8.3,0,Yes,2
Morii Homes Edgewater Villa D,Parra,Entire villa,Villa,44000,10.0,2,Yes,2
Luxury 3BHK Villa Near Candolim,Parra,Entire villa,Superior Villa,19798,10.0,1,Yes,2
"La Zamora, 3BHK Villas near Vagator & Anjuna Beach, North Goa with Private Pool, Garden, Terrace & Security",Assagao,Entire villa,La Zamora 11|Patio|Full Power Back-Up|Wifi,86266,9.1,18,Yes,2
Asta by Avim,Goa,Entire studio,Studio with Pool View,9998,8.5,34,No,2
"Aqua Beach Stays, Ashwem",Mandrem,Entire studio,Studio with Sea View,23400,7.2,117,No,2
"Modern 1BHK by Kastra Homes, Siolim",Cunchelim,Entire apartment,One-Bedroom Apartment with Pool View,8730,9.0,1,Yes,2
Luxury 4BHK Villa with Private Swimming Pool Near Calangute and Baga,Nagoa-Bardez,Entire villa,Villa,24898,8.3,0,Yes,2
Eternal wave by HappyInch,Calangute,Entire apartment,Apartment with Garden View,8000,8.1,319,No,2
Oxygen Palolem,Palolem,Entire villa,Two-Bedroom Villa,40500,8.0,571,No,2
"Fig House Anjuna-Chapora Road , Siolim 1BHK Suite",Oxel,Entire apartment,One-Bedroom Apartment,7020,7.8,32,Yes,2
Serendipity House Goa,Nerul,Private suite,Junior Suite,14000,9.4,50,No,2
EKOSTAY - Casa Beleza,Verem,Entire villa,Villa with Private Pool,47520,10.0,1,Yes,2
HOLIDAY LUXURY APARTMENT,Arpora,Entire apartment,One-Bedroom Apartment,9900,7.2,36,Yes,2
"Axiom Resorts Luxury Cottages, Arambol",Arambol,Entire villa,Two-Bedroom Villa,31000,8.6,20,Yes,2
EKOSTAY Gold - Oasis Villa,Saligao,Entire villa,Villa with Private Pool,29700,7.4,5,Yes,2
Leon Hide Out Guest House,Vasco Da Gama,Entire studio,Deluxe Studio,5000,8.1,375,Yes,2
THHPSOCIETY - Kahaani boutique Villas & Stays - Vagator Goa,Anjuna,Entire villa,One-Bedroom Villa,4631,8.0,14,Yes,2
Perfectstayz Premium Goa Continental Baga,Arpora,Entire apartment,Two-Bedroom Family Apartment,19800,7.7,79,Yes,2
The Project Cafe and Hotel,Aldona,Entire villa,Two-Bedroom Villa,22500,8.2,4,Yes,2
"Greek ""Jungle Villa"", with private Waterfall and Pool",Siolim,Entire villa,Three-Bedroom Villa,28500,8.5,8,Yes,2
Amorzito by Solitaire Stays,Dona Paula,Entire villa,Villa,97200,9.0,3,Yes,2
Nature's Palm Vista Villa,Talaulim,Entire villa,Three-Bedroom Villa,10000,8.3,9,Yes,2
4BHK Private Pool villa in North Goa with Kayaking nearby!!,Moira,Entire villa,Villa with Private Pool,30000,9.7,10,Yes,2
Down Da Village Resort Goa,Candolim,Entire villa,Two-Bedroom Villa,4500,3.9,22,Yes,2
"Beach Touch 4 Bedroom Modern Villa with Plunge pool by ""Dreme 100 BnB""",Morjim,Entire holiday home,Four-Bedroom Holiday Home,12000,5.8,15,Yes,2
"The Tanisi Resorts & Pool Villas, Candolim",Candolim,Entire villa,Rainflower Premium 4 Bedroom Villa With Infinity Pool and Jaccuzi,169000,8.9,7,Yes,2
ELIVAAS 3 BHK Pvt Pool & Bar - Villa Valerie,Oxel,Entire villa,Three-Bedroom Villa,33642,10.0,3,Yes,2
Apartments and Studio and Villas in GOA,Calangute,Entire apartment,One-Bedroom Apartment with View,12738,4.8,16,Yes,2
The Grace Guest House,Salcete,Entire villa,Two-Bedroom Villa,5000,8.8,25,Yes,2
Luxury 2BHK Apartment Near Candolim,Nerul,Entire apartment,Two-Bedroom Apartment,11400,8.7,21,Yes,2
"La Cabana Beach & Spa, By Ashvem Beach",Mandrem,Entire villa,Garden View Villa with Jacuzzi,30000,8.0,87,Yes,2
Coastal Suites Apart Hotel ---- 10 minutes walk to beach,Benaulim,Entire studio,Studio with balcony village view,7030,8.9,92,Yes,2
Dwell Apartment,Poinguinim,Entire apartment,One-Bedroom Apartment,5198,8.3,0,Yes,2
Westwood Residence Goa - The Boutique Hotel,Mapusa,Entire apartment,One-Bedroom Apartment,8262,8.4,41,No,2
"The Hosteller Goa, Anjuna",Arpora,Entire villa,Premium 3 Bedroom Villa,30600,8.8,89,Yes,2
"Trideus Tranquil riverside resort -Saipem, Candolim",Candolim,Entire villa,Villa with Garden View,7434,7.3,79,Yes,2
"SaffronStays Sweet Mango - 4BR Goan villa with private pool, mango garden, bar gazebo & vibrant interiors near beaches",Parra,Entire villa,Villa,83520,10.0,3,Yes,2
Crystal Village,Nagoa-Bardez,Entire apartment,Luxury Room with Balcony,16662,9.0,3,Yes,2
Dreamcatcher House & Hostel at Arambol Beach,Arambol,Entire studio,Studio with Balcony,5415,9.3,233,Yes,2
"Stone Wood Riverfront Resort, Siolim",Siolim,Entire villa,Four-Bedroom Villa,29880,6.7,27,No,2
Kitu & Kim Apartments,Calangute,Entire apartment,Two-Bedroom Apartment,1439,6.2,23,No,2
Sterling Goa Varca,Varca,Private suite,Privilege Suite with Balcony,11920,7.2,105,Yes,2
"La Masillia, 2 BHK with Private Pool, 15 mins from Morjim Beach, Wifi, Peaceful location, Kitchen, Security, Patio",Siolim,Entire villa,La Masillia 03|Balcony|Garden|Wifi|Cook Avl,34328,9.3,3,Yes,2
"La Avila, 2 BHK Villas near Morjim Beach with Private Pool, Kitchen, Balcony &Security",Siolim,Entire villa,La Avila 03|Garden|Kitchen|Wifi|Cook Avl,25204,8.0,7,Yes,2
Cactus Guesthouse,Arambol,Entire studio,Studio,3000,8.8,177,Yes,2
Mitra Homes Mandrem,Mandrem,Entire studio,Studio with Balcony,4832,9.3,96,Yes,2
Seashell Suites and Villas - Candolim Goa,Candolim,Entire villa,Two-Bedroom Villa with Garden View,48360,9.7,529,No,2
"Studio and One bedroom Apartment in Riviera Sapphire, Siolim",Siolim,Entire apartment,Apartment - Ground Floor,4000,9.4,8,Yes,2
Anjuna Hideout,Anjuna,Entire villa,Villa with Garden View,9180,8.9,300,Yes,2
Luxury 3BHK Villa with Private Swimming Pool near Candolim,Marmagao,Entire villa,Three-Bedroom Villa,23038,8.2,11,Yes,2
"La Branca, Luxurious 4 BHK villas near Peaceful Morjim Beach, with Private Pool, Big Garden, Security, Kitchen, Wifi, Terrace",Siolim,Entire villa,La Branca 03 |Caretaker | Full Generator Backup| Cook Avl,71640,10.0,5,Yes,2
Casa De Goa - Boutique Resort - Calangute,Calangute,Entire villa,Villa - Couple only (No Stag & Children allowed),16000,8.1,234,No,2
Goa Beach Villa,Agonda,Entire villa,Villa with Garden View,17280,9.5,25,Yes,2
Casa Euphoria Apartments,Calangute,Entire apartment,Two-Bedroom Apartment,5400,6.8,146,Yes,2
"El Reino 2&3BHK Apartments, 5 Mins to Casino & 10 Mins to Candolim, with Pool & Kitchen, Wifi, Security",Verem,Entire apartment,ElReino-New Designer 2bhk Apartment near Candolim,13648,8.9,20,Yes,2
Siolim Suites,Siolim,Entire apartment,One-Bedroom Apartment,9720,9.4,126,No,2
Villa near Vagator Beach,Bardez,Entire villa,Two-Bedroom Villa,13066,8.3,0,Yes,2
Luxury Aveeno Resort Near Calangute and Baga,Sangolda,Entire villa,Two-Bedroom Villa,8261,4.3,9,No,2
"Richmonde Ananta Elite Luxurious Villa & Apartments,Goa",Baga,Entire villa,Three bedroom deluxe villa,22358,7.8,54,No,2
Nanu Beach Resort & Spa,Betalbatim,Entire villa,Superior Villa,20997,7.1,135,Yes,2
Studio Apartment by Leela Homes,Arpora,Entire apartment,Studio Apartment,5600,7.4,40,Yes,2
Passions de Goa,Anjuna,Private suite,Family Suite,9630,7.9,64,Yes,2
"Villa Barbosa, 2 BHK Villa & Luxury Rooms near Colva, Sernabatim, Benaulim Beach",Colva,Entire villa,Two-Bedroom Villa,8802,8.0,175,No,2
"La Risa, 2 BHK Villas near Vagator Beach, Private Pool with Kitchen, Balcony, Security",Vagator,Entire villa,La Risa 09|Patio|Wifi|Cook Avl,51343,9.7,10,Yes,2
ShivSangit 2bhk Flat Homestay,Ponda,Entire apartment,Two-Bedroom Deluxe Apartment with Balcony,6960,10.0,1,Yes,2
lovely 2-bedroom sea view serviced apartment dabolim goa,Dabolim,Entire apartment,Two-Bedroom Apartment,12000,10.0,9,Yes,2
Jolene's Mandrem,Mandrem,Entire apartment,Deluxe Apartment,5580,9.1,30,Yes,2
"Villa Laz, Parra close to calangute- Pool,Jacuzzi,Cook",Parra,Entire villa,Villa with Private Pool,34560,8.3,0,Yes,2
EKO STAY - Solace Villa I Charming Villa close to Candolim Beach,Candolim,Entire villa,Three-Bedroom Villa,23760,7.0,8,Yes,2
360 Agonda,Agonda,Entire studio,Studio with Garden View,6000,10.0,1,Yes,2
Studio Apt with Rooftop Panoramic views @ Dabolim,Vasco Da Gama,Entire studio,Studio,3600,8.9,33,No,2
Areia De Goa - Sunset By Leela Homes,Arpora,Entire apartment,Two-Bedroom Apartment,9000,6.0,11,Yes,2
Jack & Rose Stays,Orlim,Entire apartment,Two-Room Apartment,6998,6.5,4,Yes,2
Barbados Tropical Studio by SiyaU,Corgao,Entire apartment,One-Bedroom Apartment,7410,10.0,1,No,2
Bellagio Rezidencia 1 BHK Service Apartments,Calangute,Entire apartment,One-Bedroom Apartment,8700,8.2,6,Yes,2
Calvin's 3 BDR Villa,Benaulim,Entire villa,Three-Bedroom Villa,19998,7.8,17,Yes,2
Lush View 2BHK Apartments in Candolim,Candolim,Entire apartment,Two-Bedroom Apartment with Mountain View,11480,9.8,13,Yes,2
"La Morena, Newly Constructed Luxurious 4 BHK villas in Assagao, Private Pool, Balcony, Kitchen, Patio, Security",Assagao,Entire villa,La Morena - 02|Caretaker | Full Generator Backup| Cook Avl,109849,10.0,3,Yes,2
"Heritage Exotica Villa - 4BHK, Baga",Baga,Entire villa,Superior Villa,26255,7.7,29,No,2
"SaffronStays Amarah Pet-friendly Luxury Villa-Assagao, North Goa",Assagao,Entire villa,Villa,121824,10.0,3,Yes,2
"Panjikars Stay - Corjuem island village, Aldona, North Goa",Aldona,Entire apartment,Two-Bedroom Apartment,2592,8.0,1,No,2
RED HOUSE - AGONDA BEACH,Agonda,Entire apartment,One-Bedroom Apartment,5000,9.5,35,Yes,2
Ekostay Gold- Salt Water Villa I Sea View I 200 meters from Beach,Candolim,Entire villa,Villa with Private Pool,47520,7.0,3,Yes,2
'Golden Sand Dunes' 1bhk Benaulim beach apartment,Benaulim,Entire apartment,One-Bedroom Apartment,7524,9.0,27,No,2
St.Jacinto Island VillaPrivate PoolBayView3BHK,Dabolim,Entire apartment,Three-Bedroom Apartment,29322,5.9,13,Yes,2
EKOSTAY - Bliss Apartment,Candolim,Entire apartment,Apartment with Garden View,8910,7.3,14,Yes,2
River view apartments,Cavelossim,Entire apartment,Apartment with Lake View,8560,8.2,16,Yes,2
Wildflower Goa,Candolim,Entire villa,One-Bedroom Villa,100000,9.7,11,Yes,2
EKO STAY - GREEN DOOR Apartment,Candolim,Entire apartment,Two-Bedroom Apartment,8910,7.5,19,Yes,2
"Sort By Stays , Siolim",Siolim,Entire studio,King Studio with Sofa Bed,7920,8.8,42,Yes,2
El Rosario 2BHK Apartments-Near Candolim-Common pool-Wifi-24 hour Security & 5 mins Drive to Casino,Verem,Entire apartment,VianaarEscapes-ElRosario-New 2bhk Apt - Pvt Garden,13882,8.3,0,Yes,2
1 BHK Near Varca Beach,Varca,Entire apartment,One-Bedroom Apartment,5000,8.8,26,Yes,2
EKOSTAY - Utopian Villa with Jacuzzi,Candolim,Entire villa,Villa with private Jacuzzi,17595,7.0,3,Yes,2
Orange Villa,Morjim,Entire studio,Studio with Balcony,4050,9.0,145,Yes,2
Villa By The Beach Goa,Benaulim,Entire apartment,Apartment - Ground Floor,11038,7.8,90,No,2
Reev's Homestay: Luxury 2 Bedroom apartment,Arossim-Cansaulim,Entire apartment,Two-Bedroom Apartment,6154,9.6,11,No,2
Jolene's Ashvem,Mandrem,Entire apartment,Studio Apartment,5000,8.2,56,Yes,2
Luxury 3BHK Villa by BlueWave Hospitality,Candolim,Entire villa,Three-Bedroom Villa,23400,9.7,16,Yes,2
Baga Hol!days Beach Home Stay,Baga,Entire villa,Deluxe Villa,3000,7.6,14,Yes,2
Vista Vagator Junction by Dia Hotels and Homes,Anjuna,Entire apartment,One-Bedroom Apartment,5902,9.3,3,Yes,2
ComfyCorner - Luxurious 2-BHK Apartment,Arpora,Entire apartment,Two-Bedroom Apartment,9000,9.4,11,Yes,2
Godwill Kimo Guest house Seraulim,Madgaon,Entire studio,Deluxe Double Studio,2700,7.1,246,Yes,2
Good Stay Pool view Premium Studio Apartment 206,Dabolim,Entire apartment,Apartment with Balcony,6650,9.1,62,Yes,2
"Riviera 01, Siolim- 3BHK Villa With Pool View",Siolim,Entire villa,Three-Bedroom Villa,13851,10.0,4,Yes,2
Villa Donna,Dona Paula,Entire studio,King Studio,9600,8.0,84,Yes,2
CASA VASU VILLA private Pool Jacuzzi Caretaker,Pilerne,Entire villa,Three-Bedroom Villa,44998,9.0,1,Yes,2
"LaRiSa Resort, Morjim",Morjim,Entire villa,Two-Bedroom Villa,32298,6.9,116,Yes,2
Rivers Edge Retreat 2BHK Bliss Morjim Beach,Agarvado,Entire apartment,Two-Bedroom Apartment,5998,8.3,0,Yes,2
"White Feather & NAMAKA, Morjim and Ashwem Beach 7 min walk",Morjim,Entire apartment,Apartment with View and Balcony,5980,7.8,102,No,2
Deep Guest House,Arambol,Entire apartment,One-Bedroom Apartment,4262,9.6,28,Yes,2
Good shepherd & Sabs Apartments And rooms,Colva,Entire apartment,Deluxe One-Bedroom Apartment,4000,5.5,18,Yes,2
D7 La Serene,Benaulim,Entire villa,Deluxe Villa,11300,8.5,238,Yes,2
ColvaPearl Deluxe Luxury Villa and Apartments Wi-Fi,Colva,Entire villa,Three-Bedroom Villa,12598,6.7,7,Yes,2
The Beach comfort,Benaulim,Entire apartment,One-Bedroom Apartment,6700,9.6,5,Yes,2
Temple Garden,Canacona,Entire villa,Pyramid Garden Cottage AC Room with 2 pints of beer per stay,7000,7.3,46,No,2
Cola Goa Beach Resort,Cola,Entire villa,Villa - Beach Front,42500,8.3,0,Yes,2
The Four Corners-1BHK Palolem Garden Estate Near Palolem Beach,Canacona,Entire apartment,One-Bedroom Standard Apartment,5998,10.0,6,Yes,2
EKOSTAY Gold - CASA PORTO Villa,Anjuna,Entire villa,Villa with Private Pool,43560,10.0,2,Yes,2
Lembranca Studios & Suites Near Famous FLOATING CASINOS of Goa,Porvorim,Private suite,One-Bedroom Suite,7200,8.4,15,No,2
Wonderland Mandrem,Mandrem,Entire studio,Deluxe Studio,5994,10.0,10,No,2
Dona Rosa Holiday Apartment,Varca,Entire apartment,Apartment with Garden View,6900,9.4,33,Yes,2
Ondas Do Mar Beach Resort Phase-1,Calangute,Entire villa,Two-Bedroom Villa,12000,7.2,87,Yes,2
AquaVista,Calangute,Entire studio,Studio with Balcony,4000,7.5,8,Yes,2
"Seclude Falling Cashews, Chorao Island, North Goa",Chorao,Entire villa,Two-Bedroom Villa,17290,6.0,2,Yes,2
Candolim beach apartment goa,Candolim,Entire apartment,Two-Bedroom Apartment,6598,8.0,1,Yes,2
Beach villa South Goa,Arossim-Cansaulim,Entire villa,Villa,102000,8.3,0,Yes,2
Shraddha hospitality,Calangute,Entire apartment,Apartment with Balcony,8700,7.2,18,Yes,2
3BHK Villa with Private Pool Near Candolim,Marmagao,Entire villa,Three-Bedroom Villa,20898,7.5,21,Yes,2
New Common Home,Agonda,Entire studio,King Studio,11700,8.2,432,Yes,2
Riviera Sublime Holiday Homes,Siolim,Entire apartment,Deluxe Apartment,8998,7.5,4,No,2
Casa Quina,Panaji,Entire apartment,One-Bedroom Apartment,5700,9.7,83,Yes,2
WTF My House,Baga,Entire villa,Villa with Private Pool,52200,8.8,376,Yes,2
Nasya Beachside Cottages,Benaulim,Entire apartment,Deluxe Two-Bedroom Apartment with Garden View,15450,7.5,153,Yes,2
Service Appartment baga,Baga,Entire apartment,One-Bedroom Apartment,4500,9.0,1,Yes,2
Ekostay - OCEAN CREST VILLA I 50 meters from Anjuna Beach,Vagator,Entire villa,Three-Bedroom Villa,17820,7.0,13,Yes,2
"Thor Villa, 5BHK-Private Pool-Cook-Caretaker",Assagao,Entire villa,Villa,33797,9.5,12,No,2
Margaritas Residency,Benaulim,Entire studio,Standard Studio,3198,8.0,92,Yes,2
Amritara Aura Resort & Spa,Mandrem,Entire villa,01 Bedroom Villa - 10% off on SPA (Stay 2 nights & above,25119,8.1,237,No,2
StayVista at Villa Kinara The Luxury Collection,Verem,Entire villa,Villa,182023,8.3,0,Yes,2
Lairai's Happy Home,Candolim,Entire apartment,One-Bedroom Apartment,3600,9.3,4,Yes,2
Devasthali - The Valley of Gods,Bogmalo,Private suite,Executive Suite,11998,7.8,140,No,2
Aveeno Villas with Swimming Pool Near Calangute & Baga,Sangolda,Entire villa,Two-Bedroom Villa,11998,6.5,14,Yes,2
EKOSTAY - Gold -Casa Pino,Candolim,Entire villa,Villa with Private Pool,37620,10.0,1,Yes,2
Luxury 6 BHK Villa with Private Swimming Pool Near Calangute & Baga,Old Goa,Entire villa,Villa,23578,6.5,15,Yes,2
Beach Bliss Apartment Hotel - 7 Minutes walk to Beach,Colva,Entire apartment,Apartment with Pool View,8400,9.5,61,Yes,2
Candolim 2bhk apartment Goa,Aguada,Entire apartment,Two-Bedroom Apartment,6838,3.5,2,No,2
Morii by the sea - Morjim Beach,Morjim,Entire villa,Villa,34160,8.5,39,Yes,2
Agosto @Aansav Verde Fatrade Varca GOA 3 BR Villa,Varca,Entire villa,Three-Bedroom Villa,14400,8.6,32,Yes,2
Riviera Hermitage,Arpora,Entire apartment,Deluxe One-Bedroom Apartment,10800,8.4,38,Yes,2
2BHK Private house in Calangute,Candolim,Entire apartment,Two-Bedroom Apartment,9000,7.0,3,No,2
Sachi Guest House in Calangute,Calangute,Entire apartment,One-Bedroom Apartment,3000,8.3,0,Yes,2
EKOSTAY - Belvedere Apartment,Goa,Entire apartment,Two-Bedroom Apartment,8910,8.5,14,Yes,2
Manshi Guest House,Pernem,Entire apartment,One-Bedroom Apartment,3000,8.3,0,Yes,2
Travelerz Homes,Calangute,Entire studio,Studio,2000,4.2,24,Yes,2
Asian Golden Sands - S7 & S8,Benaulim,Entire apartment,One-Bedroom Apartment,5400,8.6,62,Yes,2
Ocean Walk Apartments 2BHK,Calangute,Entire studio,Studio with Balcony,3798,6.5,20,Yes,2
Casa Legend Villa & Apartments Arpora - Baga - Goa,Baga,Entire apartment,Studio Apartment with Pool View,7009,8.6,155,No,2
Pappa's Guest House,Arambol,Entire apartment,One-Bedroom Apartment,5998,9.2,99,Yes,2
StayVista at Casa PuMa with Pool & WiFi,Camorlim,Entire villa,Three-Bedroom Villa,30176,10.0,1,Yes,2
EKOSTAY - Assa Villa,Marna,Entire villa,Villa with Private Pool,43560,8.3,0,Yes,2
Rainforest - Casa Azure 5 Min walk to the beach,Calangute,Entire apartment,Studio Apartment,8998,8.6,100,Yes,2
Quadruple Comfort Calangute Goa,Calangute,Entire apartment,One-Bedroom Apartment,2666,3.7,14,Yes,2
Barcelona Villas at Love Story Siolim- 3BHK Private Pool Villas,Siolim,Entire villa,Villa with Private Pool,25200,8.6,19,Yes,2
"Benaulim Coastal Meadows, 1BHK, swimming pool, 2 min walking to beach",Benaulim,Entire apartment,Two-Bedroom Apartment,4860,9.6,9,No,2
The August Villas by HNH,Saligao,Entire villa,Three-Bedroom Villa,16000,5.2,8,Yes,2
EKOSTAY Luxe - Casa Marina,Candolim,Entire villa,6BHK with private PLUNGE POOL & NON Heated Jacuzzi,38610,8.0,8,Yes,2
Beachside luxury getaway,Cana,Entire apartment,One-Bedroom Apartment,4000,10.0,1,Yes,2
Lar Amorosa Boutique Hotel - Goa,Calangute,Entire apartment,Studio Apartment,6203,8.5,27,Yes,2
Siolim 6bhk Private Villa with Private Pool close to Anjuna Vagator,Siolim,Entire villa,Villa,30292,10.0,2,No,2
Luxury 2BHK Apartment in Candolim,Candolim,Entire apartment,Two-Bedroom Apartment with Balcony,13678,8.5,16,No,2
RN guest house,Arambol,Entire apartment,One-Bedroom Apartment,1600,10.0,1,Yes,2
CALUX Joia Do Mar Resort - Calangute,Calangute,Entire villa,Three-Bedroom Villa (6 Adults),26100,6.1,67,Yes,2
AlexMarie Holiday Homes Apartments 5 min to Candolim Beach,Candolim,Entire apartment,One-Bedroom Apartment with Terrace,3971,9.2,14,Yes,2
Clarion Hotel Ocean Palms Goa,Calangute,Entire villa,Sky Villa: INR 500 Food Credit per stay once at Terra,59500,8.0,40,Yes,2
"Sortby Stays, Vagator",Vagator,Entire studio,Studio with Balcony,7700,6.7,67,Yes,2
Premium Luxury -1BHK at Candolim Beach with Free Wifi and Pool,Candolim,Entire apartment,Apartment with Pool View,4802,8.8,13,Yes,2
Baga Apartments Goa,Calangute,Entire apartment,Two-Bedroom Apartment,4724,4.0,9,No,2
The Island Pool Villa,Vainguinim,Entire villa,Villa,54000,9.7,3,Yes,2
La Vaiencia luxury apartments - Siolim,Marna,Entire apartment,One-Bedroom Apartment,8909,8.3,0,No,2
Heritage Exotica - Studio Apartment with Bathtub 500 sqft,Arpora,Entire apartment,One-Bedroom Apartment,6398,10.0,1,Yes,2
Whiteboard Homes Siolim,Siolim,Entire studio,Studio,8000,9.4,11,No,2
"La Soria, Premium 2 BHK Villas in Assagao with Private Pool, Kitchen, Security, Small Garden",Assagao,Entire villa,La Soria 05|Patio|Garden|Balcony|Wifi,39583,9.3,3,Yes,2
Birdsnest Seaview Home,Dabolim,Entire apartment,Two-Bedroom Apartment,8500,8.9,66,Yes,2
Sea Horizon Resort,Mandrem,Entire villa,Three-Bedroom Villa,20000,10.0,3,Yes,2
Diva Gomes Guest House,Nuvem,Entire apartment,Two-Bedroom Apartment,10200,10.0,1,Yes,2
"Goa Chillout Apartment - 1BHK, Baga",Baga,Entire apartment,Apartment with Pool View,6118,7.9,26,No,2
Casa Arvana Near Calangute Beach,Calangute,Entire apartment,Apartment,10800,8.9,9,No,2
Richnest Apartment and villas Colva,Colva,Entire apartment,Deluxe One-Bedroom Apartment,4000,7.2,8,Yes,2
Casa Sonora - 2bhk apt in dona paula,Dona Paula,Entire apartment,Two-Bedroom Apartment,5950,8.3,0,Yes,2
"Monarch Palms Apartments, Candolim Goa",Candolim,Entire apartment,Two-Bedroom Apartment,6372,6.5,25,Yes,2
EKOSTAY - Blue Tiffany Villa,Nerul,Entire villa,Villa with Private Pool,41580,8.3,4,Yes,2
2BHK Private villa near the Bogmalo beach and 5 mins drive from Dabolim airport,Bogmalo,Entire villa,Two-Bedroom Villa,12000,9.1,36,Yes,2
Riverfront 2 Bedroom cozy Apartment by Greenspace,Siolim,Entire apartment,Two-Bedroom Apartment with River View,5985,8.8,4,Yes,2
Marbela Beach Resort,Morjim,Entire villa,Villa with Garden View,16848,6.9,11,No,2
Eternal Wave Apartments by Daystar Ventures,Calangute,Entire apartment,One-Bedroom Apartment,6020,7.7,64,No,2
Tony apartment baga,Baga,Entire apartment,Two-Bedroom Apartment with Balcony,7998,6.7,9,Yes,2
Mariposa Beach Grove,Agonda,Entire villa,Classic Beach Front Villa,16800,8.0,86,Yes,2
"Genesis Leisure - Charming home-stays near Anjuna, Vagator & Assagao",Anjuna,Entire apartment,One-Bedroom Apartment,6000,7.9,17,Yes,2
Azaya Beach Resort Goa,Benaulim,Entire villa,Deluxe Pool Villa with Private Pool - 20% discount on Spa & Laundry,59624,6.9,223,No,2
Luxury 2BHK Apartment Near Candolim Beach,Candolim,Entire apartment,Three-Bedroom Apartment,7998,8.3,166,Yes,2
TreeHouse Blue Hotel & Villas,Colva,Entire villa,Three-Bedroom Villa,24700,9.4,23,No,2
Bens Inn,Mandrem,Entire studio,Deluxe Queen Studio,6000,8.7,54,Yes,2
Bright Boho Studio Near Candolim Beach - Modern Amenities & Work Desk,Candolim,Entire apartment,One-Bedroom Apartment with Balcony,6384,8.3,0,No,2
Goa Beach Apartment,Colva,Entire apartment,One-Bedroom Apartment with Pool View,9920,8.5,11,Yes,2
ELIVAAS 3 BHK with Pvt Pool in Assagao -Montforte Ayada,Assagao,Entire villa,Three-Bedroom Villa,45260,9.8,6,Yes,2
Kyle Calangute 1 bhk luxury apartment with pool,Calangute,Entire apartment,Apartment with Balcony,3998,6.0,12,Yes,2
Luxury 3BHK Penthouse Near Candolim,Candolim,Entire apartment,Three-Bedroom Apartment with Mountain View,20000,10.0,12,Yes,2
Waves Morjim,Morjim,Entire apartment,One-Bedroom Apartment,3600,8.3,0,Yes,2
Tha Villa Calangute,Calangute,Entire villa,Two-Bedroom Villa,6399,10.0,2,No,2
Baga Beach Homestay near Tito`s lane,Baga,Entire apartment,One-Bedroom Apartment,6000,8.6,5,Yes,2
Nirvana Paraiso,Marmagao,Entire apartment,Two-Bedroom Apartment,11700,9.7,25,Yes,2
ELIVAAS 1 BHK with Jacuzzi & Lift - Kamerios Brisa,Goa,Entire apartment,One-Bedroom Apartment,19840,9.2,5,Yes,2
Indismart Woodbourne Resort,Madgaon,Entire villa,Superior Villa,9794,6.7,13,Yes,2
VaNa - A Lindsay Manor,Vagator,Entire villa,Villa with Private Pool,51200,9.7,3,Yes,2
Serendipity Goa - Service Apartments and Cafe,Arambol,Entire studio,Deluxe Studio,6480,9.5,50,No,2
Guesthouse Sakina Colva,Colva,Entire apartment,Two-Bedroom Apartment,5200,8.8,211,Yes,2
Calvin's Retreat,Varca,Entire apartment,Apartment with Pool View,7998,7.2,26,Yes,2
Orabella Villas & Suites,Calangute,Private suite,King Suite with Pool View,27000,7.4,115,Yes,2
Luxury 2BHK Apartment with Swimming Pool near Candolim Beach,Candolim,Entire apartment,Two-Bedroom Apartment,14398,5.0,1,No,2
ELIVAAS Villa Paraiso 4 BHK with Pool & Bar,Camorlim,Entire villa,Villa,39935,10.0,4,Yes,2
Tata Housing -Garden & pool view-6KM from Airport,Marmagao,Entire apartment,Two-Bedroom Apartment,13219,5.3,17,No,2
Royalstar Resort,Vagator,Entire villa,One-Bedroom Villa,7650,8.8,79,Yes,2
"Santa Terra 1&2bhk Apartments With Common Pool & Kitchen & Security & Wifi, Near to Casino & Candolim Beach",Verem,Entire studio,SantaTerra-Modern studio apt in Reis Magos-WiFi,8942,6.0,1,Yes,2
La Maroma 3 BHK Splendid Villas in Anjuna - Pvt Pool- Garden & Caretaker,Vagator,Entire villa,La Maroma 03|Patio|Full Power Back-Up|Wifi|Cook Avl,81112,9.0,2,Yes,2
Coco Villa - 3 BHK Private Sea View Villa with Garden,Sancoale,Entire villa,Villa with Sea View,17600,7.3,3,Yes,2
Aastha Escape Resort near Calangute Beach,Calangute,Private suite,Superior Suite with Balcony,13000,5.2,20,Yes,2
Cloud 7 by ELIVAAS Luxurious 4 BHK Villa with Pvt Pool,Anjuna,Entire villa,Villa,50146,9.5,7,Yes,2
Cliff Heaven,Colva,Entire apartment,Standard Family Room,7000,9.2,46,No,2
ELIVAAS House of Neptune - 3 BHK Cottage with Terrace & Gazebo on the Beach,Morjim,Entire villa,Villa,47099,8.7,9,Yes,2
Alaya Stays 1 BHK with Balcony & Pool - Veera Marina,Goa,Entire apartment,One-Bedroom Apartment,15322,10.0,17,Yes,2
Kasa anjo,Candolim,Entire apartment,One-Bedroom Apartment,13998,8.3,4,Yes,2
Frangipani Villa,Anjuna,Entire villa,Villa with Private Pool,54000,9.8,16,Yes,2
Beachfront pool villa Myconos,Anjuna,Entire villa,Two-Bedroom Villa,49300,7.2,5,Yes,2
Hotel blue ocean baga beach,Calangute,Entire studio,Deluxe Queen Studio,3998,5.5,2,Yes,2
Luxury 2BHK Apartment By Bluewave Hospitality,Candolim,Entire apartment,Two-Bedroom Apartment,11000,8.2,17,Yes,2
"Aguada Anchorage - The Villa Resort, Candolim",Candolim,Private suite,Two-Bedroom Suite,16600,9.0,188,No,2
"La Mosteiro in Assagao, Splendid 3&4BHk Villas with Private Pool, Private Parking, Garden, Caretaker, Kitchen & Security",Vagator,Entire villa,La Mosteiro 07|Pet Friendlyl Full Power Back-Up | Caretaker| Extra Maid’s Room| Cook Avl,80140,10.0,3,Yes,2
Alaya Stays 2 BHK with Balcony & Lift - Veera Marina,Goa,Entire apartment,Two-Bedroom Apartment,18125,9.0,10,Yes,2
"La Zorita, Luxurious 3 BHK with Private Pool, 10 mins from Anjuna Beach, Kitchen, Security, Terrace, Patio & Wifi",Anjuna,Entire villa,La Zorita 09|Patio|Full Power Back-Up|Wifi|Cook Avl,81251,10.0,6,Yes,2
"Pednekar's House, 1BHK with pool by SneekoStays",Nerul,Entire apartment,One-Bedroom Apartment,8000,10.0,7,No,2
Alaya Stays 3 BHK Apartment with Pool - Veera Marina,Goa,Entire apartment,Three-Bedroom Apartment with Balcony,22376,10.0,5,Yes,2
Areia De Goa - SunLight By Leela Homes,Arpora,Entire apartment,2 BHK Apartment,9000,8.0,10,Yes,2
The Cozy Chapter,Arpora,Entire apartment,Two-Bedroom Apartment,11000,9.7,3,Yes,2
"La Meira 3BHK Villas in Assagao with Private Pool, Garden, Caretaker, Kitchen & Security",Vagator,Entire villa,La Meira 03|Balcony|Poolside lounge|Full Power Back-Up| Cook Avl,75695,9.6,7,Yes,2
"OV Private Pool Villas near Baga, I 4BHK units I Staff",Calangute,Entire villa,Villa with Private Pool,59400,9.3,10,Yes,2
Villa Calangute Phase 4,Calangute,Entire villa,Villa with Garden View,26400,10.0,1,No,2
ELIVAAS Kamerios Maris 1BHK Apartment with Jacuzzi,Goa,Entire villa,Villa,13310,10.0,3,Yes,2
Beach Retreat Villa,Varca,Entire villa,Villa,18998,7.9,6,Yes,2
Stefleena's Nest,Loutolim,Entire villa,Two-Bedroom Villa,12598,8.7,3,Yes,2
Pool View Apartment - Sunshine By Leela Homes,Arpora,Entire apartment,Apartment with Pool View,9000,7.4,8,Yes,2
5-BHK Villa With Common Pool & Lift Near Beaches,Majorda,Entire villa,Villa,49579,9.0,3,Yes,2
Villa Calangute Phase 11,Calangute,Entire villa,Villa with Garden View,44200,9.0,2,No,2
Patnem Beach park,Canacona,Entire apartment,One-Bedroom Apartment,8400,7.7,32,Yes,2
Elegant 4Bhk Stay With Pool Near Beaches 2BHKX2,Vagator,Entire apartment,Apartment with Pool View,19580,8.3,28,No,2
Lacasita Villas & Cottages near Anjuna Beach & Shiva Valley,Anjuna,Entire villa,One-Bedroom Villa,6400,9.2,25,Yes,2
StayVista at Saanu Ki Villa with free Breakfast,Candolim,Entire villa,Three-Bedroom Villa,27241,9.2,8,No,2
The Byke Royal Pearl Anjuna,Anjuna,Entire villa,Villa,11000,7.9,14,No,2
"Ludo Private Pool Villa, WiFi-Caretaker-Parking, North Goa",Baga,Entire villa,Three-Bedroom Villa,29940,8.1,25,No,2
"ELIVAAS House of Neptune 1 BHK Cottage on the Beach & Famous Cafes, Restros",Morjim,Entire villa,Villa - Beach Front,28734,8.0,9,Yes,2
"Heritage Nirvana Villa - 4BHK, Goa",Calangute,Entire villa,Villa,30297,9.2,16,No,2
Shalom Guest House,Candolim,Entire apartment,Standard Apartment - Non AC,3000,8.8,48,Yes,2
Verona by Vianaar Luxe Garden Pool Villa Assagao,Goa,Entire villa,Villa,50000,9.4,6,No,2
"Aalia Villas Anjuna, Goa by Aalia Collection",Anjuna,Entire villa,Casa Amana 4 BR Villa,144590,10.0,7,No,2
Shree Sai Beach Stay,Arambol,Entire apartment,One-Bedroom Apartment with Sea View and Balcony,5998,9.2,53,Yes,2
Villa Esencia by VEO - Part of StayVista,Siolim,Entire villa,Villa,29217,9.0,2,Yes,2
Villa Calangute Phase 10,Calangute,Entire villa,Villa with Private Pool,81400,8.3,0,No,2
"SaffronStays Tudor San Ann - 5BR Candolim villa with infinity pool, lift & sunrise-view rooms near beach",Goa,Entire villa,Villa,101790,10.0,3,Yes,2
La Goa Villa - 4BHK Baga JAQK Holidays,Baga,Entire villa,Villa,29591,9.8,4,No,2
ELIVAAS 4 BHK Villa near Beach with Private Pool & Bar - Casa Boa Vida,Goa,Entire villa,Villa,51503,10.0,4,Yes,2
Villa Samaara14 Candolim Beach 500mts,Candolim,Entire villa,Two-Bedroom Villa,20000,7.0,1,No,2
Johnnie Holiday Homes,Arpora,Entire apartment,Apartment,14000,9.0,7,Yes,2
Beach Apartments Candolim,Candolim,Entire apartment,Apartment with Pool View,4998,4.3,6,Yes,2
Baale Resort Goa,Arpora,Entire villa,Three Bedroom Villa with Private pool,210000,8.5,2,No,2
Luxe Loft,Sangolda,Entire villa,Villa with Private Pool,70000,8.3,0,Yes,2
Isle View by VEO - Part of StayVista,Dabolim,Entire villa,Villa,32170,6.3,3,Yes,2
"ELIVAAS 5 BHK with Pvt Pool, Entertainment Room & Glass House - Bludoor",Marmagao,Entire villa,Entire Villa,102336,9.6,7,Yes,2
3BHK Villa with Private Pool near Anjuna,Old Goa,Entire villa,Villa,19888,9.0,5,Yes,2
"amã Stays & Trails, Cardozo House",Candolim,Entire apartment,Cardozo House 4 Bedroom Villa,128000,8.3,0,Yes,2
ELIVAAS 4 plus 1 BHK with Pvt pool - Amado Villa Shai,Goa,Entire villa,Villa,51674,10.0,3,Yes,2
FF-1 Apartment,Candolim,Entire apartment,Apartment with Balcony,8400,9.3,4,Yes,2
Good Stay 2BHK Pool apartment 10 mins from dabolim airport Goa 102,Consua,Entire apartment,Two-Bedroom Apartment,8100,8.7,18,Yes,2
Silent Beach Resort,Mandrem,Entire villa,Villa with Sea View,30000,8.9,130,No,2
Casa de Amor,Anjuna,Entire villa,Villa,48825,10.0,7,No,2
ELIVAAS 3 BHK with Pvt Pool - Panache,Arpora,Entire villa,Three-Bedroom Villa,36728,9.6,5,Yes,2
Paradise Village Beach Resort,Calangute,Entire villa,Royal Princeton – 2 Bedroom Villa,30000,6.5,59,Yes,2
"amã Stays & Trails, Braganza House",Candolim,Entire apartment,Deluxe Room,128000,9.0,2,Yes,2
Casa Stay Candolim Holiday Apartments with Pool-Free Parking-WiFi-Powerback up,Candolim,Entire studio,Studio with Balcony,5600,9.5,2,Yes,2
Heritage Exotica Villa - 3BHK by JAQK Holidays,Arpora,Entire villa,Three-Bedroom Villa,21233,8.3,0,No,2
Ochre Villa- Luxury property in Assagaon / Vagator,Vagator,Entire villa,Three-Bedroom Villa,60000,7.8,12,No,2
Hillcrest Homestay,Canacona,Entire apartment,Suite Apartment,4000,9.3,3,Yes,2
"amã Stays & Trails Chikoo Villa, Goa",Old Goa,Entire apartment,Villa,120000,8.3,0,Yes,2
Saldanha Kyle gardens,Calangute,Entire apartment,Apartment with Balcony,4750,9.4,29,Yes,2
Coco inn Goa,Candolim,Entire villa,Villa,4000,8.4,67,Yes,2
"La Covelo, 3BHK Villas very close to Assagao with Private Pool, Terrace, Garden, Kitchen & Security",Parra,Entire villa,La Covelo 02|Patio|Full Power Back-Up|Wifi|Cook Avl,79103,8.7,3,Yes,2
Rodrigues Residency Goa,Majorda,Entire studio,Studio with Garden View,3564,9.5,31,Yes,2
Carolina Deluxe GuestHouse Wi-Fi,Colva,Entire villa,Three-Bedroom Villa,13998,5.5,18,Yes,2
Shalom Deluxe Luxury Apartments and Villa,Colva,Entire studio,Studio with Balcony,3958,5.3,60,Yes,2
Luxzy Studio Apartments Goa,North goa,Entire villa,Standard Villa,1998,4.6,7,Yes,2
"Riviera Foothills ,Baga, Arpora, North Goa one & Two BHK",Arpora,Entire apartment,Two-Bedroom Apartment,7000,8.8,11,Yes,2
Villa Verediana,Candolim,Entire studio,Studio with Balcony,3097,7.5,90,Yes,2
Tahom villas - Vagator Goa - Next to Market - 5mins from Goya & beach,Vagator,Entire villa,Superior Villa,9000,9.7,8,Yes,2
Beach Apartments 2bhk Candolim Goa,Candolim,Entire apartment,Apartment with Pool View,4398,4.9,11,Yes,2
"De Mandarin Beach Resort Suites & Villas, Candolim",Candolim,Entire villa,2 Bedroom Family Villa Private Pool,37577,8.3,358,Yes,2
"TATA Rio De Goa, Good Stay 2 BHK Pool View Premium Apartment, 805",Dabolim,Entire apartment,Two-Bedroom Apartment,10000,8.9,75,Yes,2
"The Greendoor Villa - 10, Pool, 8 mins to beach",Marna,Entire villa,Deluxe Villa,13646,8.3,23,Yes,2
Heritage Exotica 2BHK Home Stay in goa,Arpora,Entire apartment,Two-Bedroom Apartment,9998,8.3,0,Yes,2
Villa Sylvana By Bluewave Hospitality,Nagoa-Bardez,Entire villa,Villa with Private Pool,22000,10.0,7,Yes,2
Shanaya Holiday Apartment,Benaulim,Entire apartment,One-Bedroom Apartment,2520,8.9,149,No,2
Nikita Stay Goa,Calangute,Entire apartment,One-Bedroom Apartment with Balcony,6838,7.1,36,No,2
Premium hotel Goa Continental By PerfectStayz,Arpora,Entire apartment,Two-Bedroom Family Apartment,19500,8.8,34,Yes,2
Studio Apartment -Dom Francisco,Candolim,Entire apartment,One-Bedroom Apartment,2700,8.4,50,No,2
EKOSTAY - Peach Grove Villa - 3kms away from Calangute and Baga Beach,Arpora,Entire villa,Villa with Private Pool,49500,10.0,2,Yes,2
"La Dora -3BHK Contemporary Villas with Pvt Pool, 5 mins Walk to Vagator beach-Caretaker & Garden",Vagator,Entire villa,La Dora 12|Patio|Terrace|Full Power Back-Up| Cook Avl,72355,10.0,2,Yes,2
Stylish 1 BHK Apartment in G0A,Calangute,Entire apartment,One-Bedroom Apartment,2600,3.5,10,Yes,2
The Sequeira Goa,Majorda,Entire apartment,One-Bedroom Deluxe Apartment,5998,6.9,72,Yes,2
3 bhk home stay baga,Arpora,Entire villa,Three-Bedroom Villa,16244,8.3,0,Yes,2
LUX AETERNA Siolim North Goa,Mapusa,Entire apartment,One-Bedroom Apartment,6800,9.5,2,Yes,2
"Garden View 1 BHK2BR Appt., Rio De Goa TATA Housing",Sancoale,Entire apartment,One-Bedroom Apartment,7000,9.1,11,No,2
2 BHK luxury apartment in Calangute beach Saldana,Calangute,Entire apartment,Two-Bedroom Apartment,9800,4.8,5,Yes,2
"Golden Sea Blue, 1 bhk Beach apartment",Benaulim,Entire apartment,One-Bedroom Apartment,6930,10.0,2,No,2
Serene Apartment - GetGo Stays,Camorlim,Entire apartment,One-Bedroom Apartment,11998,8.3,0,Yes,2
Candolim Monarch palms -Sun & Sand,Candolim,Entire apartment,One-Bedroom Apartment,6300,8.3,0,Yes,2
Shivkrupa Apartments,Arambol,Entire apartment,One-Bedroom Apartment,4500,9.2,5,Yes,2
"La Agueda 2BHK Luxury Villas, 10 mins to Candolim Beach & 5 mins to Casino with Private Pool, Fully Equipped Kitchen, Garden, 24x7 Security & WiFi",Nerul,Entire villa,La Agueda 06|Garden|Patio|Wifi|Cook Avl,24706,10.0,2,Yes,2
Studio apartment hotel blue ocean baga beach,Calangute,Entire studio,Deluxe King Studio,3998,7.0,1,Yes,2
"Cozy 3BHK Apartment near Zalor Beach , Goa Getaway",Orlim,Entire apartment,Three-Bedroom Apartment,8000,8.3,0,Yes,2
Xavier's guesthouse Wi-Fi and Villa,Colva,Entire studio,Studio with Balcony,3998,3.4,13,Yes,2
Rosean Homestay Self Service Apartments,Candolim,Entire studio,Studio with Balcony,5000,9.6,52,Yes,2
Hotel Ave Maria Colva Beach,Colva,Entire holiday home,Three-Bedroom Holiday Home,11998,4.0,9,Yes,2
Palmera Home Stay,Siolim,Entire apartment,One-Bedroom Apartment,3762,9.5,2,No,2
Nada Brahma Patnem Beach,Patnem,Entire villa,Villa with Sea View,32000,9.1,25,No,2
Hotel Sejal,Calangute,Entire apartment,One-Bedroom Deluxe Apartment,7000,9.3,3,Yes,2
Spectrum Hub beach side Studio Apartment - Candolim - Goa,Candolim,Entire apartment,One-Bedroom Apartment,4000,7.9,50,Yes,2
"MYKA at Dsouza Heritage, Moira",Mapusa,Entire apartment,Two-Bedroom Apartment,15666,8.7,41,Yes,2
Jia Calangute Goa,Calangute,Entire apartment,One-Bedroom Apartment,5998,6.2,24,Yes,2
Casa Belle 3 BR Town Home short drive to Panjim City and Casino,Panaji,Entire apartment,Three-Bedroom Apartment,14398,8.3,45,Yes,2
2 bhk Apartment Anjuna-vagator,Anjuna,Entire apartment,Two-Bedroom Apartment,4320,7.5,2,Yes,2
PS Villa 3bhk Baga,Arpora,Entire villa,Three-Bedroom Villa,16000,10.0,7,Yes,2
Merlot Suites,Porvorim,Private suite,Family Suite,6200,9.2,8,Yes,2
CHATEAU MADEIRA BY GOAN DIARIES,Moira,Entire villa,Villa with Garden View,59998,9.7,15,Yes,2
Blue ocean apartment baga Kyle,Calangute,Entire apartment,Apartment - Ground Floor,4598,8.3,0,Yes,2
1Bhk URA Apartment Candolim,Candolim,Entire apartment,One-Bedroom Apartment,4000,3.0,3,No,2
"Sana Villas & Rooms Anjuna Beach Goa ""Premium Luxury Villa with Pool""",Anjuna,Entire villa,Villa with Garden View,11000,5.5,6,Yes,2
Harmony Retreat homestay,Calangute,Entire apartment,Apartment with Balcony,8910,8.3,19,Yes,2
Plaza de Araujo,Benaulim,Entire apartment,Apartment with Balcony,5600,9.7,51,No,2
Independent Villa with private pool in Siolim Goa,Oxel,Entire villa,Villa,27960,10.0,1,No,2
Villa Royal Adobe,Siroda,Entire villa,Villa,11900,8.3,0,Yes,2
"Soul Vacation Resort and Spa,Colva",Colva,Entire villa,Three-Bedroom Villa,31684,7.9,164,No,2
"Whoopers Party Hostel, Palolem",Palolem,Entire villa,Premium Suite,8798,7.5,240,Yes,2
Yellow Maple,Camorlim,Entire villa,One-Bedroom Villa,11600,8.3,0,Yes,2
Mukund Sadan Retreat Arambol Goa,Arambol,Entire studio,Superior Studio,2470,8.0,1,No,2
Patnem Bliss,Canacona,Entire apartment,One-Bedroom Apartment,4380,8.6,5,Yes,2
"DELTA HOUSE, Horizon View",Calangute,Entire apartment,One-Bedroom Apartment with Balcony and Sea View,7200,8.3,0,Yes,2
'Golden Oceans' 3 bhk beach view villa,Benaulim,Entire villa,Three-Bedroom Villa,19000,9.6,16,Yes,2
Casa De Mor Villa with Pool,Anjuna,Entire villa,Superior Villa,36000,9.0,115,No,2
Titus Parra Coconut Paradise villa,Parra,Entire villa,Two-Bedroom Villa,11189,8.3,0,Yes,2
shivkrupa Guest house,Arambol,Entire apartment,One-Bedroom Apartment,4000,10.0,3,Yes,2
BellaVie 3-BHK Villa With Private Pool & TV Lounge Area in A Gated Complex,Siolim,Entire villa,Three-Bedroom Villa,34700,10.0,6,Yes,2
Beachside Bliss Villas Candolim 10 min walk from Sinquerim Beach,Sinquerim,Entire villa,AguadaAnchorage- Cosy 4bhk villa next to the beach,34132,8.5,2,Yes,2
Luxury 1bhk with Bathtub Pool near Calangute Baga Beach,Calangute,Entire apartment,One-Bedroom Apartment,6000,8.3,4,Yes,2
Villa Marina -By The Beach Goa,Benaulim,Entire villa,One-Bedroom Villa,11038,9.0,23,No,2
Resort Palmeiras Dourado,Cansaulim,Private suite,Suite,20020,8.9,517,No,2
The Candolim House - Premium 1BHK Suite with Pool near Candolim-Calangute Beach,Candolim,Entire apartment,One-Bedroom Apartment,8379,9.0,28,No,2
1 BHK Private Apartment with a Balcony,Varca,Entire apartment,One-Bedroom Apartment,3600,7.8,6,Yes,2
Antonio's guest house,Candolim,Entire apartment,One-Bedroom Apartment,4000,8.3,0,Yes,2
Seacastle luxury apartments,Consua,Entire apartment,Two-Bedroom Apartment,7738,8.6,7,Yes,2
Goodstay Elegant Ocean-Themed -207,Dabolim,Entire apartment,Two-Bedroom Apartment,18000,8.4,21,Yes,2
Vagator lux villas - Upernia,Anjuna,Entire villa,Superior Villa,30000,8.3,0,Yes,2
Casa Camotim,Madkai,Entire villa,Three-Bedroom Villa,11408,9.0,4,Yes,2
"Oceanic Sunsets with River View, Comp Breakfast & Infinity Pool at StayVista",Verem,Entire villa,Villa,210899,8.3,3,Yes,2
Ronne's 3BHK Apartment with kitchen at calangute beach,Calangute,Entire apartment,Three-Bedroom Apartment,9110,9.0,2,Yes,2
"Villa Avanora By DanCenter | 5BHK | Pvt Pool | Baga Beach, GOA",Arpora,Entire villa,Villa,49056,8.3,0,Yes,2
'Golden Sea Pearl' 1 bhk Beach apartment,Benaulim,Entire apartment,One-Bedroom Apartment,8910,9.5,24,No,2
Vista Parra,Parra,Entire apartment,Apartment,5998,7.0,1,Yes,2
2 Bedoom Apartment with Pool in BAGA Holiday Home CASA STAY,Baga,Entire apartment,Apartment,8998,8.2,4,Yes,2
Aguiar Guest House,Colva,Entire apartment,Three-Bedroom Apartment,10000,6.8,61,No,2
Emperor Ozran by Alaya Stays,Vagator,Private suite,Emperor Ozran Studio w/ kitchen,16782,8.9,70,Yes,2
Beach River House Mandrem,Mandrem,Entire apartment,One-Bedroom Apartment,4000,7.6,6,Yes,2
Comfort Stay Calangute beach Goa,Serula,Entire apartment,One-Bedroom Apartment,6300,8.0,1,Yes,2
Telferk Acron Seawinds Apartment- Baga,Calangute,Entire apartment,Two-Bedroom Apartment,12960,9.7,39,No,2
Cozy River Front Studio in Siolim,Agarvado,Entire apartment,One-Bedroom Apartment,6000,8.3,0,Yes,2
Hi Goa,Sangolda,Entire apartment,Apartment with Pool View,21600,9.0,1,Yes,2
Casa Gracias,Colva,Entire apartment,One-Bedroom Apartment,4500,9.6,7,Yes,2
EM Coastal Studios 302,Calangute,Entire apartment,Studio Apartment,6300,10.0,5,No,2
Palm Breeze Suites,Palolem,Private suite,Queen Suite,8000,9.0,73,Yes,2
3BHK Luxury Villa with Private Pool Near Candolim,Marmagao,Entire villa,Villa with Private Pool,21058,6.0,8,Yes,2
Olive Door 1 BHK Suite Near Candolim beach,Calangute,Entire apartment,Two-Bedroom Apartment,7600,10.0,1,Yes,2
Vrindavan Homestay Panaji,Batim,Entire villa,Two-Bedroom Villa,8500,10.0,2,Yes,2
Baagh House Villa,Saligao,Entire villa,Superior Villa,37800,8.3,0,Yes,2
Majorda Coastal Homestay,Nuvem,Entire apartment,Two-Bedroom Apartment,10800,9.7,31,Yes,2
Assagao Serenity Newly Renovated,Assagao,Entire villa,Two-Bedroom Villa,10798,9.0,1,No,2
BEAUTIFUL SPACIOUS STUDIO APT IN CANDOLIM with Wifi,Candolim,Entire apartment,Apartment with Balcony,5000,6.0,1,Yes,2
Amazing Pool View 2BHK Candolim Goa Apartment,Candolim,Entire apartment,Two-Bedroom Apartment,11330,9.7,3,No,2
GR STAYs Private Pool Villa in Calangute 5 mins to Baga,Arpora,Entire villa,Villa,32506,10.0,1,Yes,2
White House Beach Apartments,Mandrem,Entire apartment,One-Bedroom Apartment,3398,8.5,2,Yes,2
Cozy Dream Apartment,Anjuna,Entire apartment,Two-Bedroom Apartment,10170,9.0,24,Yes,2
URA Apartment 2bhk Candolim Goa,Calangute,Entire apartment,Two-Bedroom Apartment,6838,8.3,0,No,2
INDRA'S NEST - Studio Apartments,Arambol,Entire studio,Standard Studio,2878,8.3,119,Yes,2
"Sun-kissed Holidays Goa, Zing",Candolim,Entire apartment,Apartment with Garden View,8998,8.3,0,Yes,2
Studio Peaceful Path R-5 by Mukund Sadan Arambol,Arambol,Entire apartment,One-Bedroom Apartment,2600,9.0,1,Yes,2
Palette by RÊVE Escapes - Premium 2 BHK apartment Near Anjuna Beach,Assagao,Entire apartment,Two-Bedroom Apartment,40000,9.0,2,Yes,2
Hil min apartment Calangute,Calangute,Entire apartment,One-Bedroom Apartment,2400,7.7,3,Yes,2
Laxmi house,Arambol,Entire studio,Family Studio,2998,8.0,1,Yes,2
Mediterranean Bliss by VEO - Part of StayVista,Sangolda,Entire villa,Villa,29053,10.0,2,Yes,2
Villa Nazuri w Caretaker,Candolim,Entire villa,Three-Bedroom Villa,27000,8.7,21,No,2
La Donaira 2 & 3 BHK Villas with Private Pool Garden & Kitchen 10 mins to Vagator & Morjim Beach,Siolim,Entire villa,La Donaira 06|Balcony|Full Power Back-Up| Cook Avl,35296,9.8,4,Yes,2
Joe Height Apartment,Baga,Entire apartment,One-Bedroom Apartment with Balcony,8100,9.0,21,Yes,2
The Chai Villa by Hireavilla - Lux 3BHK near Anjuna & Vagator Beach,Anjuna,Entire villa,Three-Bedroom Villa,33450,8.3,0,Yes,2
"Rainforest Enclave, Arpora - 10 mins to Baga beach",Arpora,Entire apartment,Apartment with Pool View,11998,8.9,30,Yes,2
Candolim Bliss Villa with pvt Pool -300 m walk to beach,Candolim,Entire villa,Three-Bedroom Villa,34000,10.0,1,Yes,2
Kanha 2 pool view flat,Candolim,Entire apartment,Two-Bedroom Apartment,5300,10.0,1,Yes,2
EKOSTAY - Grey Goose Villa,Calangute,Entire villa,Villa with Private Pool,49500,10.0,1,Yes,2
Pansoi - A luxurious cozy stay in Siolim,Oxel,Entire apartment,One-Bedroom Family Apartment,6300,8.3,0,No,2
Ventura Solaria- 1BHK with Pool,Camorlim,Entire apartment,One-Bedroom Apartment,5670,1.0,1,No,2
Tropical 1BHK Apartment by Déjà Vu Stays,Candolim,Entire apartment,One-Bedroom Apartment,6800,9.5,2,Yes,2
Koito-House calangute guest house,Calangute,Entire apartment,Two-Bedroom Apartment,6900,7.9,42,Yes,2
Kiki Stay- 2BHK Apartment with Pool,Morjim,Entire apartment,Apartment,18000,8.3,0,Yes,2
'Golden Coral' 2bhk Benaulim Beach villa Goa,Benaulim,Entire villa,Two-Bedroom Villa,13860,9.6,27,No,2
La Olalian 2 & 3 BHK Designer Villas Near Anjuna Beach with Private Pool & Sun Deck & Garden,Anjuna,Entire villa,La Olalian 08|Garden|Balcony|Wifi|Cook Avl,49766,8.0,2,Yes,2
"Luxury Stay at Varca, Goa",Varca,Entire apartment,Two-Bedroom Apartment,4400,8.6,12,Yes,2
"TATA Rio De Goa ,Good Stay 1 BHK Apartment,10 min from Airport, 604",Dabolim,Entire apartment,One-Bedroom Apartment,8000,8.3,36,Yes,2
Casa Margarida,Calangute,Entire apartment,Apartment - Ground Floor,4998,9.4,154,Yes,2
Goodstay Sunlit Bliss Cozy2BHK with Luxe Touch704,Dabolim,Entire apartment,One-Bedroom Apartment,9500,8.7,14,Yes,2
AR APARTMENTS -Arpora,Arpora,Entire apartment,Apartment with Pool View,6478,9.0,1,Yes,2
Chique Shanti Villa,Mandrem,Entire apartment,Two-Bedroom Apartment with Pool View,13600,10.0,1,Yes,2
The Royal Oasis Goa,Majorda,Entire apartment,One-Bedroom Apartment,6200,9.5,118,Yes,2
Casa De Solares- New 2BHK Apartment with Pool Candolim,Pilerne,Entire apartment,Two-Bedroom Apartment with View,12113,10.0,3,Yes,2
Muffys Villa,Arpora,Entire villa,Three-Bedroom Villa,8064,8.0,12,No,2
2 bhk apartment baga kyle,Calangute,Entire apartment,Deluxe Two-Bedroom Apartment with Garden View,9000,8.3,0,Yes,2
EM Coastal Studios 303,Calangute,Entire apartment,Studio Apartment,5580,9.1,9,No,2
Palolem Sunrise Apartment,Palolem,Entire apartment,Deluxe Apartment,6000,8.7,72,No,2
Viraam Estate by RÊVE Escapes - Premium 4 BHK Villa Near Anjuna Beach,Assagao,Entire villa,Villa,162000,8.3,0,Yes,2
Luxy 3BHK Bungalow in Goa,Calangute,Entire villa,Three-Bedroom Villa,6666,8.3,0,Yes,2
Candolim apartment,Candolim,Entire apartment,Two-Bedroom Apartment,6478,5.0,1,No,2
Seacoast Retreat varca,Varca,Entire apartment,One-Bedroom Apartment,5900,9.7,3,Yes,2
Cosy Garden Grove,Candolim,Entire apartment,One-Bedroom Apartment,6300,10.0,2,No,2
"Woodpegger By The Beach, Mandrem",Mandrem,Entire villa,Beach Villa with Living room,38831,6.7,185,No,2
APARTMENT AS-6,Candolim,Entire apartment,Apartment with Garden View,4400,8.3,0,Yes,2
Aamra Ghar by evaddo,Mandrem,Entire apartment,One-Bedroom Apartment,6200,8.0,16,Yes,2
Ruby Apartments 4,Calangute,Entire villa,Two-Bedroom Villa,9298,9.5,10,Yes,2
The Avenue Orlim,Cavelossim,Entire apartment,Deluxe Two-Bedroom Apartment,8910,5.4,16,No,2
Riviera Hermitage Ocean Breeze,Arpora,Entire apartment,One-Bedroom Apartment,7000,8.8,17,Yes,2
Cozy Cabana - The Perfect Getaway,Benaulim,Entire apartment,One-Bedroom Apartment,14250,9.7,7,Yes,2
Vagator Beachside Studio Apartment,Vagator,Entire apartment,Studio Apartment,6080,8.1,21,Yes,2
Premium Coastal 1BHK Near Vibrant Candolim Strip,Candolim,Entire apartment,Two-Bedroom Apartment,6300,8.3,0,No,2
Moroccan Suite Calangute Beach Vibe,Calangute,Entire apartment,Superior Apartment,7558,9.8,38,Yes,2
"The Infinity Pool Villa Hotel by DanCenter, Baga Beach, Goa",Arpora,Entire villa,Standard Villa,40847,5.5,2,Yes,2
Wave 1,Arpora,Entire apartment,Two-Bedroom Apartment,5508,9.8,4,Yes,2
Leoney Resort Goa,Vagator,Entire villa,Villa with Garden View,11000,6.5,64,No,2
"La Sierra, 2 & 3BHK Villas near Anjuna & Vagator Beach with Private Pool, Terrace, Garden, Kitchen & Security",Mapusa,Entire villa,La Sierra 07|Patio|Full Power Back-Up|Cook Avl,52265,10.0,1,Yes,2
"La Macedo, Luxury 3 BHK Villas in Assagao, with Private Pool, Garden, Terrace, Parking, Security",Mapusa,Entire villa,La Macedo 04|Patio|Full Power Back-Up|Wifi|Cook Avl,61295,9.3,4,Yes,2
"The Blue Nook, a premium 1BHK suite by Da Alohas",Porvorim,Entire apartment,Two-Bedroom Apartment,10200,8.3,0,Yes,2
Thee Haven Candolim,Candolim,Entire apartment,Apartment,3600,9.1,14,No,2
Eutierria Living,Canacona,Entire apartment,One-Bedroom Apartment,7000,9.5,2,Yes,2
Mona Collective at Serenova,Calangute,Entire apartment,One-Bedroom Apartment,8000,9.8,6,Yes,2
Casa Nona-Luxurious 3BHK Pvt Pool Villa North Goa,Pilerne,Entire villa,Three-Bedroom Villa,22680,8.3,0,No,2
LUXURY 3BHk VILLA WITH PRIVATE POOL NEAR CANDOLIM,Goa,Entire villa,Three-Bedroom Villa,19888,10.0,1,Yes,2
4 Bhk baga dream villa,Calangute,Entire villa,Deluxe Villa,15800,4.7,3,Yes,2
'Golden Sea Shell' 1 bhk Beach apartment,Benaulim,Entire apartment,One-Bedroom Apartment,7920,9.7,36,No,2
Saldana Kiran Park - Home Stay,Calangute,Entire apartment,Two-Bedroom Apartment,6398,8.0,1,Yes,2
RK Homes Service Apartments,Sancoale,Entire apartment,Two-Bedroom Apartment with Sea View,8000,7.0,2,Yes,2
Peter’s vacation rentals Goa,Calangute,Entire studio,Studio,3998,7.0,3,Yes,2
Goa Garden 6BHK Villa with Private Pool Near Baga,Marmagao,Entire villa,Villa,29159,10.0,1,No,2
Radhika Eco Resort(Odonata),Arambol,Entire villa,Villa with Private Pool,16200,8.7,151,Yes,2
Goa Suites Holiday Home,Calangute,Entire villa,Two-Bedroom Villa,7615,7.8,11,Yes,2
Apricot Homestays,Palolem,Entire apartment,Apartment,6336,8.1,28,Yes,2
Mahalaxmi Homestay II,Mapusa,Entire apartment,Three-Bedroom Apartment,14000,10.0,2,Yes,2
"Mado by HNH, Assagao",Assagao,Entire villa,Superior Villa,19440,4.0,1,Yes,2
Raj 3bhk Villa Calangute,Calangute,Entire apartment,One-Bedroom Apartment,3778,8.3,0,Yes,2
Family Apartment near Calangute Baga Beach,Calangute,Entire apartment,One-Bedroom Apartment,5600,7.7,3,Yes,2
Casa Avasa - 3bhk Private Pool Villa in Siolim,Camorlim,Entire villa,Three-Bedroom Villa,23040,8.3,0,Yes,2
Casa js holiday,Calangute,Entire studio,Deluxe Studio,2598,1.0,2,Yes,2
Shalom home stay,Candolim,Entire apartment,Apartment,3998,6.0,1,Yes,2
Tropical VIBES RETREAT,Calangute,Entire apartment,Deluxe One-Bedroom Apartment,5600,1.0,1,Yes,2
Alegro Beach Homes,Palolem,Entire studio,Studio with Ocean View,11160,8.3,104,Yes,2
2bhk near beach,Candolim,Entire apartment,Two-Bedroom Apartment,9000,1.0,2,No,2
Kara Casa,Calangute,Entire apartment,Apartment,6500,8.3,0,Yes,2
"Pool facing luxury 1bhk near Calangute,baga beach",Calangute,Entire apartment,One-Bedroom Apartment,9000,10.0,2,Yes,2
Pleasant 2bhk Holiday Home,Arpora,Entire apartment,Two-Bedroom Apartment,4038,10.0,1,No,2
"El Arbol with Rooftop Pool, Kitchen, Wifi, Security,10 Mins to Candolim Beach & 5 mins to Casino",Panaji,Entire apartment,ElArbol |Charming Apt w/ Pvt Garden| Rooftop Pool,12942,9.2,84,Yes,2
Studio Arambol Escape R-8 by Mukund Sadan Arambol,Arambol,Entire apartment,One-Bedroom Apartment,2600,8.5,2,Yes,2
White Guest House,Candolim,Entire apartment,One-Bedroom Apartment,4860,8.0,14,Yes,2
1BHK AC Apartment 500m from Cavelossim Beach-Sussegado,Cavelossim,Entire apartment,One-Bedroom Apartment,5184,9.9,15,No,2
Casa Vagator,Vagator,Entire villa,Three-Bedroom Villa,54000,7.2,49,Yes,2
"TATA Rio de Goa ,Good Stay Premium 2 BHK Apartment,6 km from Airport, - 101",Dabolim,Entire apartment,Two-Bedroom Apartment,9600,8.6,28,Yes,2
Cozy Nest 4BR Luxury Villa- 10 mins from Thalassa & Vagator Beach,Anjuna,Entire villa,Villa,43200,8.3,0,Yes,2
Villa Poorvi by Hireavilla - 4BHK Villa in Siolim with Pool and Forest View,Marna,Entire villa,Villa,53176,8.3,0,Yes,2
'Golden Bay' 2bhk beach villa,Benaulim,Entire villa,Villa,16000,10.0,1,Yes,2
1 BHK near Calangute Beach A1-201,Calangute,Entire apartment,One-Bedroom Apartment with Balcony,5000,8.3,0,Yes,2
"Love Story Villas, Baga-Private Pool Villas",Arpora,Entire villa,Three-Bedroom Villa,25200,10.0,3,Yes,2
Kalash Apartments with Kitchen,Calangute,Entire villa,Three-Bedroom Villa,7198,3.1,7,Yes,2
Modern 1BHK Condo With Pool 3min Walk To Beach,Orlim,Entire apartment,One-Bedroom Apartment,5100,8.3,0,Yes,2
Private pool heritage villa in Cavelossim area,Velim,Entire villa,Villa,27216,8.3,0,No,2
Sai Homestay Goa,Panaji,Entire studio,Studio,5600,9.1,18,Yes,2
Luna by Hireavilla - 2BR with Private Pool in Anjuna,Anjuna,Entire villa,Villa with Private Pool,29287,8.3,17,Yes,2
2bhk sea view villa near Thalassa,Assagao,Entire villa,One-Bedroom Villa,22000,8.3,5,Yes,2
Affordable Goan Villa at Agonda,Agonda,Entire villa,Three-Bedroom Villa,9498,8.0,1,Yes,2
"The Gipsy Cove, Baga Beach",Baga,Entire apartment,Three-Bedroom Apartment with Balcony,8798,8.6,7,Yes,2
Poolside Apartment Bliss by the Pool Goa,Candolim,Entire apartment,One-Bedroom Apartment,8100,9.5,24,No,2
STARBURST By The Beach Goa,Benaulim,Entire studio,Superior Studio,8238,10.0,3,Yes,2
Casa Brooklyn Portuguese Heritage,Saligao,Entire villa,Villa with Garden View,7558,9.5,18,Yes,2
Calangute 3bhk Apartment Goa,Candolim,Entire apartment,Three-Bedroom Apartment,12869,8.3,0,Yes,2
Tien B&B & Bistro,Vagator,Entire villa,Villa,12000,9.4,22,Yes,2
